1	200	-	https://critical-alert-lane.sociobot.in
2	200	-	https://critical-alert-lane.sociobot.in
3	200	-	https://critical-alert-lane.sociobot.in
4	200	-	https://critical-alert-lane.sociobot.in
5	200	-	https://critical-alert-lane.sociobot.in
6	200	-	https://critical-alert-lane.sociobot.in
7	200	-	https://critical-alert-lane.sociobot.in
8	200	-	https://critical-alert-lane.sociobot.in
9	200	-	https://critical-alert-lane.sociobot.in
10	200	-	https://critical-alert-lane.sociobot.in
11	200	-	https://critical-alert-lane.sociobot.in
12	200	-	https://critical-alert-lane.sociobot.in
13	200	-	https://critical-alert-lane.sociobot.in
14	200	-	https://critical-alert-lane.sociobot.in
15	200	-	https://critical-alert-lane.sociobot.in
16	200	-	https://critical-alert-lane.sociobot.in
17	200	-	https://critical-alert-lane.sociobot.in
18	200	-	https://critical-alert-lane.sociobot.in
19	200	-	https://critical-alert-lane.sociobot.in
20	200	-	https://critical-alert-lane.sociobot.in
21	200	-	https://critical-alert-lane.sociobot.in
22	200	-	https://critical-alert-lane.sociobot.in
23	200	-	https://critical-alert-lane.sociobot.in
24	200	-	https://critical-alert-lane.sociobot.in
25	200	-	https://critical-alert-lane.sociobot.in
26	200	-	https://critical-alert-lane.sociobot.in
27	200	-	https://critical-alert-lane.sociobot.in
28	200	-	https://critical-alert-lane.sociobot.in
29	200	-	https://critical-alert-lane.sociobot.in
30	200	-	https://critical-alert-lane.sociobot.in
31	429	3	https://critical-alert-lane.sociobot.in
