MATCH	200	404.html	0e5d241c0926619630af908456cd71e0f50200fbde9aaab32f14ec438ba95606	0e5d241c0926619630af908456cd71e0f50200fbde9aaab32f14ec438ba95606
MATCH	200	art/hero-cassette-512.webp	ba59cf3710a53a05f5f5ddeaac6ba8ea44fbf388875f7ff92692ddf944bff950	ba59cf3710a53a05f5f5ddeaac6ba8ea44fbf388875f7ff92692ddf944bff950
MATCH	200	art/hero-cassette-768.avif	89a01d1e8c63866a89b8c11e33423923e8f717f7fb0254def9b16f8beb17532a	89a01d1e8c63866a89b8c11e33423923e8f717f7fb0254def9b16f8beb17532a
MATCH	200	art/hero-cassette-768.jpg	05b75ca9dd9db9514ae8b8ce45ec3938bc55e186b87b8298bf88ba64095b6a27	05b75ca9dd9db9514ae8b8ce45ec3938bc55e186b87b8298bf88ba64095b6a27
MATCH	200	art/hero-cassette-768.webp	c5987c295181e8097f04af3cd35d0705cd7c148a1f2b9beff8aea50b2ec5769c	c5987c295181e8097f04af3cd35d0705cd7c148a1f2b9beff8aea50b2ec5769c
MATCH	200	art/social-preview.png	b3cbb30c156b9f323bd0656229a283e44bc23fcb726f26d1ffb83b59c97c2be9	b3cbb30c156b9f323bd0656229a283e44bc23fcb726f26d1ffb83b59c97c2be9
MATCH	200	assets/app-CpDUS7Z0.js.map	0db18796089b935b3114c0d202af80d3c4afa778dc3356a6d2de3ecca63b8306	0db18796089b935b3114c0d202af80d3c4afa778dc3356a6d2de3ecca63b8306
MATCH	200	assets/demo-CpDUS7Z0.js.map	c49694100f99048536189fb4d25d497e4680ce349026698a278380130c34f20f	c49694100f99048536189fb4d25d497e4680ce349026698a278380130c34f20f
MATCH	200	assets/main-CAsESLM5.js	0c630465a7fb079fb1801b6f88c65109e8e893a28c447de7750b525a2f1c0c2f	0c630465a7fb079fb1801b6f88c65109e8e893a28c447de7750b525a2f1c0c2f
MATCH	200	assets/main-CAsESLM5.js.map	19520ac4d93d0c710cfecac3ecc3f3805b1d7a3a59725bdc2b1adbe5a87d886f	19520ac4d93d0c710cfecac3ecc3f3805b1d7a3a59725bdc2b1adbe5a87d886f
MATCH	200	assets/main-CF9DTGQe.css	5ffafe4ae5ac13a0bafe3da7ec5caa1a0708073c02e61d7114f1511193065bbf	5ffafe4ae5ac13a0bafe3da7ec5caa1a0708073c02e61d7114f1511193065bbf
MATCH	200	assets/modulepreload-polyfill-B5Qt9EMX.js	607112fb81d7899ceedf89cdb1b3540a53eb96ad5e4202fb1e22f873281de839	607112fb81d7899ceedf89cdb1b3540a53eb96ad5e4202fb1e22f873281de839
MATCH	200	assets/modulepreload-polyfill-B5Qt9EMX.js.map	c9c3b703479907e6c487d5835bbbc82c9f623643700dfcc648ec158790947c76	c9c3b703479907e6c487d5835bbbc82c9f623643700dfcc648ec158790947c76
MATCH	200	assets/notFound-CiwmldTd.js.map	6b2a96d8e11e03c388301b86d3206e4c34444ab7876b5059ee3a13f8413c624e	6b2a96d8e11e03c388301b86d3206e4c34444ab7876b5059ee3a13f8413c624e
MATCH	200	assets/offline-CiwmldTd.js.map	fa24c9a25541b09e0a2b02bdaae394bb2e6fb8c5191f50aec2def5e88428fcbb	fa24c9a25541b09e0a2b02bdaae394bb2e6fb8c5191f50aec2def5e88428fcbb
MATCH	200	assets/privacy-CiwmldTd.js.map	7d268b1579e49f49f11c3c699f0aaf3bb17fc3313cb9913e9368b95c516d9b3d	7d268b1579e49f49f11c3c699f0aaf3bb17fc3313cb9913e9368b95c516d9b3d
MATCH	200	assets/route-focus-B1h9aYdw.css	48811d2c3b994f14091fa9159cc1cb7d71d6be8e287d8a8f181d0625e4ff98a0	48811d2c3b994f14091fa9159cc1cb7d71d6be8e287d8a8f181d0625e4ff98a0
MATCH	200	assets/route-focus-BrFkafHo.js	db0c59bc9a9227bacb6cc3f4bf300b97536987a1d06fa69cebf8cc78383482c1	db0c59bc9a9227bacb6cc3f4bf300b97536987a1d06fa69cebf8cc78383482c1
MATCH	200	assets/route-focus-BrFkafHo.js.map	17c20b0e757fecff9efb8e00d7ebfbd103ad594e2093f60d5eedaed2a8642303	17c20b0e757fecff9efb8e00d7ebfbd103ad594e2093f60d5eedaed2a8642303
MATCH	200	assets/terms-CiwmldTd.js.map	0780197196b8707ab2279e0037177ff0bde219b83c94afd8db2d4e70cba71adc	0780197196b8707ab2279e0037177ff0bde219b83c94afd8db2d4e70cba71adc
MATCH	200	demo/index.html	4665512721c0ec34eb1b388d3acec710a78c0907251685d16a7c059cb7781893	4665512721c0ec34eb1b388d3acec710a78c0907251685d16a7c059cb7781893
MATCH	200	downloads/critical-alert-lane-1.0.2.apk	4e51b21741adf2dbbacae2c55c20bc8fbceb2132c44df2c0bb4870b2815775af	4e51b21741adf2dbbacae2c55c20bc8fbceb2132c44df2c0bb4870b2815775af
MATCH	200	downloads/critical-alert-lane-1.0.3.apk	06382ba158e7cd4a28222e14a81174150b574daabe17af9be62cac91213e3c16	06382ba158e7cd4a28222e14a81174150b574daabe17af9be62cac91213e3c16
MATCH	200	downloads/critical-alert-lane-1.0.4.apk	2af8e0b60ce77aa729b82e465626d9b37778e38f22b4665c80e6301bcd6327bf	2af8e0b60ce77aa729b82e465626d9b37778e38f22b4665c80e6301bcd6327bf
MATCH	200	downloads/critical-alert-lane-1.0.5.apk	af06a7f89d0afee99aa4fafe81d074ccd40a62c5d0d981dc46fda529d9b6c6e8	af06a7f89d0afee99aa4fafe81d074ccd40a62c5d0d981dc46fda529d9b6c6e8
MATCH	200	icons/icon-180.png	0f69af63417c054315d01018b23914c1f10bd9eee7c5604a6979daf97a6c153f	0f69af63417c054315d01018b23914c1f10bd9eee7c5604a6979daf97a6c153f
MATCH	200	icons/icon-192.png	91929a9635192b4eb83b3da507af9d9e392e65f11a2e17f796ac97f1d04e4651	91929a9635192b4eb83b3da507af9d9e392e65f11a2e17f796ac97f1d04e4651
MATCH	200	icons/icon-512.png	b057542a3b19783ffe8e60b2b5972b1533040341801049b3aec6cd443bd48a05	b057542a3b19783ffe8e60b2b5972b1533040341801049b3aec6cd443bd48a05
MATCH	200	icons/icon-maskable-512.png	b057542a3b19783ffe8e60b2b5972b1533040341801049b3aec6cd443bd48a05	b057542a3b19783ffe8e60b2b5972b1533040341801049b3aec6cd443bd48a05
MATCH	200	icons/icon.svg	2bf71efe6b0d910221e56e0934439e9b9052efab1b6b91eed33e6abe1cc7e35c	2bf71efe6b0d910221e56e0934439e9b9052efab1b6b91eed33e6abe1cc7e35c
MATCH	200	index.html	8e4d1be6909fef78c5b0566f0c8417f130c984065d8b6881fffbb5eaeda0adac	8e4d1be6909fef78c5b0566f0c8417f130c984065d8b6881fffbb5eaeda0adac
MATCH	200	manifest.webmanifest	59bf9edd5308b298c755b1503f194f2e558963aa2ace09cf006d87ec8263b818	59bf9edd5308b298c755b1503f194f2e558963aa2ace09cf006d87ec8263b818
MATCH	200	offline.html	5c6297dd8b0a9f08ff058528584197e23a86188445cd53ef5ea57e091e30c2b1	5c6297dd8b0a9f08ff058528584197e23a86188445cd53ef5ea57e091e30c2b1
MATCH	200	privacy/index.html	1fca63311a6c1a0c4e69b6e2bc83383771dbf669c3dee3a28c1e8fe9d379414f	1fca63311a6c1a0c4e69b6e2bc83383771dbf669c3dee3a28c1e8fe9d379414f
MATCH	200	robots.txt	e18b185ce866066fe48f504c68981750c99914109f1ef86242850b93dda925ba	e18b185ce866066fe48f504c68981750c99914109f1ef86242850b93dda925ba
MATCH	200	sitemap.xml	5c695c2948e39d0c06ecf2d9431f397f8338c7818d3f023a351ea956f67ebda7	5c695c2948e39d0c06ecf2d9431f397f8338c7818d3f023a351ea956f67ebda7
MATCH	200	sw.js	c536860b63cbadda4472776f45ef8fe6519cf31546aa2e16a6cad65248ded49a	c536860b63cbadda4472776f45ef8fe6519cf31546aa2e16a6cad65248ded49a
MATCH	200	terms/index.html	5e0751247a18c4202b65cb25e8da19befbdb1a6176e6a34c3c38bc31f42ba333	5e0751247a18c4202b65cb25e8da19befbdb1a6176e6a34c3c38bc31f42ba333
SUMMARY	files=38	failures=0
